mean_fit_time,std_fit_time,mean_score_time,std_score_time,param_device,param_gamma,param_learning_rate,param_max_depth,param_subsample,param_tree_method,params,split0_test_score,split1_test_score,split2_test_score,split3_test_score,split4_test_score,mean_test_score,std_test_score,rank_test_score
1.4633607387542724,0.01678828674653139,0.004855442047119141,0.00040273660171548056,cpu,1,0.1,3,1,hist,"{'device': 'cpu', 'gamma': 1, 'learning_rate': 0.1, 'max_depth': 3, 'subsample': 1, 'tree_method': 'hist'}",-0.4357951391453158,-0.4601699422421178,-0.46002900074955344,-0.46772739312852696,-0.49200459122758206,-0.46314521329861924,0.01800249783303487,1
1.7906926155090332,0.13151127070078156,0.004742145538330078,0.00032629698805633695,cpu,0.1,0.1,3,1,hist,"{'device': 'cpu', 'gamma': 0.1, 'learning_rate': 0.1, 'max_depth': 3, 'subsample': 1, 'tree_method': 'hist'}",-0.4408603360586465,-0.4589610348868969,-0.4600965153867195,-0.47577750425046766,-0.49742093717233027,-0.4666232655510122,0.018959606778343054,2
1.7561253547668456,0.025961124434915866,0.004924488067626953,0.0003658912736257073,cpu,0,0.1,3,1,hist,"{'device': 'cpu', 'gamma': 0, 'learning_rate': 0.1, 'max_depth': 3, 'subsample': 1, 'tree_method': 'hist'}",-0.439588391578812,-0.45986888493922573,-0.46204639784145163,-0.4766856279447697,-0.49653954330690825,-0.4669457691222335,0.018937626858275644,3
1.7122334003448487,0.03107630390561576,0.004937410354614258,0.00029948592772229086,cpu,0.001,0.1,3,1,hist,"{'device': 'cpu', 'gamma': 0.001, 'learning_rate': 0.1, 'max_depth': 3, 'subsample': 1, 'tree_method': 'hist'}",-0.439588391578812,-0.45986888493922573,-0.4620463990971293,-0.4766856279447697,-0.49653954330690825,-0.46694576937336907,0.01893762679330414,4
1.7739662647247314,0.03414127424252148,0.0051825523376464845,0.00033228131099739046,cpu,0.01,0.1,3,1,hist,"{'device': 'cpu', 'gamma': 0.01, 'learning_rate': 0.1, 'max_depth': 3, 'subsample': 1, 'tree_method': 'hist'}",-0.4391531694364049,-0.4596289793796553,-0.46407295643282465,-0.4766787512402619,-0.49653954330690825,-0.46721467995921107,0.018996725551496535,5
1.7431198120117188,0.021114078504053523,0.004526090621948242,0.00015478705585435484,cpu,1,0.1,3,0.5,hist,"{'device': 'cpu', 'gamma': 1, 'learning_rate': 0.1, 'max_depth': 3, 'subsample': 0.5, 'tree_method': 'hist'}",-0.4450387324001618,-0.4700519945032389,-0.4540265970084203,-0.47654243131865653,-0.500405427872507,-0.46921303662059693,0.019195906238661728,6
2.523514986038208,0.04382512200208316,0.0049669742584228516,0.0004107566451191687,cpu,1,0.1,5,1,hist,"{'device': 'cpu', 'gamma': 1, 'learning_rate': 0.1, 'max_depth': 5, 'subsample': 1, 'tree_method': 'hist'}",-0.4419981920588724,-0.47005846074619506,-0.4655610678946506,-0.4777435845144171,-0.4946255097606551,-0.46999736299495803,0.017147522160368276,7
1.7729032516479493,0.013292965938778564,0.004618597030639648,0.00016961463015925464,cpu,0.001,0.1,3,0.7,hist,"{'device': 'cpu', 'gamma': 0.001, 'learning_rate': 0.1, 'max_depth': 3, 'subsample': 0.7, 'tree_method': 'hist'}",-0.44283649557803617,-0.4741290478940655,-0.4782401033128725,-0.47647493646436695,-0.4806522961909854,-0.4704665758880653,0.0139793566565976,8
1.7863893508911133,0.01754206185655477,0.005143356323242187,0.0010301055794589744,cpu,0.01,0.1,3,0.7,hist,"{'device': 'cpu', 'gamma': 0.01, 'learning_rate': 0.1, 'max_depth': 3, 'subsample': 0.7, 'tree_method': 'hist'}",-0.44285526735934233,-0.4741144087730754,-0.4782400880887735,-0.4769451250495831,-0.4806522961909854,-0.47056143709235193,0.014012808708085453,9
1.7708218097686768,0.06844836552858205,0.005097341537475586,0.0004694894055858417,cpu,0.1,0.1,3,0.7,hist,"{'device': 'cpu', 'gamma': 0.1, 'learning_rate': 0.1, 'max_depth': 3, 'subsample': 0.7, 'tree_method': 'hist'}",-0.4430205401214685,-0.4720036420074083,-0.47789356843501224,-0.4773238935407377,-0.48521224924737233,-0.4710907786703998,0.014651397288249374,10
2.0092522144317626,0.30633787473343627,0.005604362487792969,0.001373963246126129,cpu,0,0.1,3,0.7,hist,"{'device': 'cpu', 'gamma': 0, 'learning_rate': 0.1, 'max_depth': 3, 'subsample': 0.7, 'tree_method': 'hist'}",-0.44283649557803617,-0.4741290478940655,-0.4782401033128725,-0.4764741959864315,-0.48505085649273166,-0.4713461398528275,0.014711813918881819,11
1.7303585529327392,0.0171888095940362,0.004844570159912109,0.0002587171217136773,cpu,1,0.1,3,0.7,hist,"{'device': 'cpu', 'gamma': 1, 'learning_rate': 0.1, 'max_depth': 3, 'subsample': 0.7, 'tree_method': 'hist'}",-0.4460067136925946,-0.4755287868621537,-0.48091716203765394,-0.4732893893772348,-0.4823447429658676,-0.47161735898710094,0.013233013336766995,12
5.2554620742797855,0.03594807656171347,0.005875539779663086,0.00027013742055924,cpu,0.01,0.1,5,0.7,hist,"{'device': 'cpu', 'gamma': 0.01, 'learning_rate': 0.1, 'max_depth': 5, 'subsample': 0.7, 'tree_method': 'hist'}",-0.4391698833360087,-0.46710628630650564,-0.46731055644892283,-0.49531357846820084,-0.492065728016752,-0.47219320651527796,0.020345641364928304,13
4.185572099685669,0.03504923116148457,0.0057277679443359375,0.00041274752831931737,cpu,1,0.1,5,0.5,hist,"{'device': 'cpu', 'gamma': 1, 'learning_rate': 0.1, 'max_depth': 5, 'subsample': 0.5, 'tree_method': 'hist'}",-0.4311476693247842,-0.4736030134379843,-0.4552962661309281,-0.4930167661263189,-0.5097713377176989,-0.47256701054754285,0.02763066486871439,14
2.2319565296173094,0.3807071656270322,0.006378793716430664,0.0029739259167106194,cpu,0.1,0.1,3,0.5,hist,"{'device': 'cpu', 'gamma': 0.1, 'learning_rate': 0.1, 'max_depth': 3, 'subsample': 0.5, 'tree_method': 'hist'}",-0.4498966242412278,-0.47357276777864543,-0.4618577010989239,-0.47828636427947896,-0.49975142125932365,-0.47267297573151995,0.016740933794197204,15
1.8325501918792724,0.019933501153646057,0.0046669960021972655,0.0001515803301329168,cpu,0.001,0.1,3,0.5,hist,"{'device': 'cpu', 'gamma': 0.001, 'learning_rate': 0.1, 'max_depth': 3, 'subsample': 0.5, 'tree_method': 'hist'}",-0.4573087369182671,-0.4714274608225597,-0.4609308062658619,-0.47944337917916474,-0.4975788120379626,-0.47333783904476323,0.014418172660223298,16
2.05346474647522,0.19392014423517187,0.0056746482849121095,0.000803091845673749,cpu,0,0.1,3,0.5,hist,"{'device': 'cpu', 'gamma': 0, 'learning_rate': 0.1, 'max_depth': 3, 'subsample': 0.5, 'tree_method': 'hist'}",-0.4573087369182671,-0.4714274608225597,-0.4609308062658619,-0.47944337917916474,-0.4975788120379626,-0.47333783904476323,0.014418172660223298,16
5.508944511413574,0.029561067162063196,0.007516336441040039,0.0024229815855061616,cpu,0,0.1,5,0.7,hist,"{'device': 'cpu', 'gamma': 0, 'learning_rate': 0.1, 'max_depth': 5, 'subsample': 0.7, 'tree_method': 'hist'}",-0.4316960468782007,-0.47269771455887144,-0.45966571808149725,-0.4945696739275056,-0.5084845127509734,-0.4734227332394097,0.026860450315704772,18
1.8080974578857423,0.022404119356373875,0.005182886123657226,0.001313411252867486,cpu,0.01,0.1,3,0.5,hist,"{'device': 'cpu', 'gamma': 0.01, 'learning_rate': 0.1, 'max_depth': 3, 'subsample': 0.5, 'tree_method': 'hist'}",-0.4556373307317719,-0.47382994947591184,-0.4610292147419573,-0.47944337917916474,-0.49796468786731257,-0.4735809123992237,0.014889703015343123,19
5.245711421966552,0.125888078700627,0.006109380722045898,0.00042942252200564514,cpu,0.001,0.1,5,1,hist,"{'device': 'cpu', 'gamma': 0.001, 'learning_rate': 0.1, 'max_depth': 5, 'subsample': 1, 'tree_method': 'hist'}",-0.4405787035100438,-0.47457192021044375,-0.4642225233645005,-0.5002372657122595,-0.489356353164311,-0.4737933531923117,0.02067320672368717,20
4.998913955688477,0.10350359904089805,0.0057738304138183595,0.00028004356040470116,cpu,0.1,0.1,5,1,hist,"{'device': 'cpu', 'gamma': 0.1, 'learning_rate': 0.1, 'max_depth': 5, 'subsample': 1, 'tree_method': 'hist'}",-0.4510595721243657,-0.47591780178560916,-0.466579250972121,-0.49544543789502093,-0.49090192756858214,-0.4759807980691398,0.016192423339513387,21
3.6999489784240724,0.03817288745556442,0.005391931533813477,0.00029247558767097926,cpu,1,0.1,5,0.7,hist,"{'device': 'cpu', 'gamma': 1, 'learning_rate': 0.1, 'max_depth': 5, 'subsample': 0.7, 'tree_method': 'hist'}",-0.4395451459970699,-0.4720636180348769,-0.46770399439065863,-0.49495598826624254,-0.5080640318369416,-0.4764665557051579,0.023662706734778972,22
5.3157957077026365,0.04778881509124816,0.00605010986328125,0.0005094904512583868,cpu,0.001,0.1,5,0.7,hist,"{'device': 'cpu', 'gamma': 0.001, 'learning_rate': 0.1, 'max_depth': 5, 'subsample': 0.7, 'tree_method': 'hist'}",-0.43741107313374616,-0.4814094148854845,-0.4646688280457826,-0.4945335049446754,-0.5087282165238753,-0.4773502075067128,0.024707384178664034,23
5.417488098144531,0.15004617096282497,0.0067193031311035155,0.0010982595722828262,cpu,0,0.1,5,1,hist,"{'device': 'cpu', 'gamma': 0, 'learning_rate': 0.1, 'max_depth': 5, 'subsample': 1, 'tree_method': 'hist'}",-0.44491281224195817,-0.4728916670575998,-0.4684390144832804,-0.4992491399121251,-0.5022694505358559,-0.47755241684616384,0.021221687143847364,24
5.3132415294647215,0.20401924502365354,0.006328201293945313,0.0005763758296423775,cpu,0.01,0.1,5,1,hist,"{'device': 'cpu', 'gamma': 0.01, 'learning_rate': 0.1, 'max_depth': 5, 'subsample': 1, 'tree_method': 'hist'}",-0.4461985322415369,-0.47478004256913847,-0.47053962431289625,-0.500655116495733,-0.5001390791411956,-0.47846247895210003,0.020394520722937015,25
5.239006567001343,0.04824852887597882,0.005883502960205078,0.00027592706147929765,cpu,0.001,0.1,5,0.5,hist,"{'device': 'cpu', 'gamma': 0.001, 'learning_rate': 0.1, 'max_depth': 5, 'subsample': 0.5, 'tree_method': 'hist'}",-0.43505467764518985,-0.4911821024001544,-0.46676884520092404,-0.5011350258851609,-0.5051935642223162,-0.4798668430707491,0.026082565888093916,26
4.279661798477173,0.06332848700038715,0.004981088638305664,0.0003556488402097086,cpu,1,0.1,7,1,hist,"{'device': 'cpu', 'gamma': 1, 'learning_rate': 0.1, 'max_depth': 7, 'subsample': 1, 'tree_method': 'hist'}",-0.44658653203811494,-0.4787883711064868,-0.4767465358162245,-0.4830477736561866,-0.5183314927351649,-0.48070014107043557,0.022823909336410427,27
5.170495653152466,0.07317403874176585,0.006123161315917969,0.0005119278205109175,cpu,0.1,0.1,5,0.7,hist,"{'device': 'cpu', 'gamma': 0.1, 'learning_rate': 0.1, 'max_depth': 5, 'subsample': 0.7, 'tree_method': 'hist'}",-0.4495120369534763,-0.48360507142799003,-0.46213195512042665,-0.4931208689427876,-0.515877712216456,-0.4808495289322273,0.023313251155567028,28
5.197269582748413,0.07417461371915623,0.005894660949707031,0.00026519396188513875,cpu,0.01,0.1,5,0.5,hist,"{'device': 'cpu', 'gamma': 0.01, 'learning_rate': 0.1, 'max_depth': 5, 'subsample': 0.5, 'tree_method': 'hist'}",-0.443298591155172,-0.48343329174643507,-0.471657572061661,-0.5000688602846599,-0.5103355189896396,-0.4817587668475135,0.023391936938587012,29
5.647647190093994,0.1080851023647993,0.007271671295166015,0.0018912132998178657,cpu,1,0.1,7,0.5,hist,"{'device': 'cpu', 'gamma': 1, 'learning_rate': 0.1, 'max_depth': 7, 'subsample': 0.5, 'tree_method': 'hist'}",-0.44665404166968625,-0.48500582498385775,-0.47130013814576116,-0.5110968285124019,-0.4964290121287645,-0.48209716908809436,0.022034669995965026,30
5.423632621765137,0.1051518910758368,0.006708192825317383,0.0008578054287798611,cpu,0,0.1,5,0.5,hist,"{'device': 'cpu', 'gamma': 0, 'learning_rate': 0.1, 'max_depth': 5, 'subsample': 0.5, 'tree_method': 'hist'}",-0.449891272750813,-0.48693583165303467,-0.46823898586476764,-0.5015631399088563,-0.5048455704137758,-0.4822949601182495,0.020731135197896572,31
4.861233758926391,0.09797362221749255,0.005782365798950195,0.0006524599792820751,cpu,1,0.1,7,0.7,hist,"{'device': 'cpu', 'gamma': 1, 'learning_rate': 0.1, 'max_depth': 7, 'subsample': 0.7, 'tree_method': 'hist'}",-0.4460440155254704,-0.4827916468725802,-0.46704211908704363,-0.504142442222617,-0.5122473783337417,-0.48245352040829054,0.024171723006655602,32
5.131795167922974,0.10017818571839429,0.005859088897705078,0.0001720296300645374,cpu,0.1,0.1,5,0.5,hist,"{'device': 'cpu', 'gamma': 0.1, 'learning_rate': 0.1, 'max_depth': 5, 'subsample': 0.5, 'tree_method': 'hist'}",-0.4513603975590904,-0.48534745058155593,-0.465739784259502,-0.5019644196217344,-0.5097477924761263,-0.4828319688996018,0.021814868580588953,33
23.60547184944153,0.7905001600542239,0.018103885650634765,0.004081594619906971,cpu,0,0.1,7,1,hist,"{'device': 'cpu', 'gamma': 0, 'learning_rate': 0.1, 'max_depth': 7, 'subsample': 1, 'tree_method': 'hist'}",-0.44495410046091805,-0.4809254795531925,-0.49114928378538547,-0.502205026706846,-0.5165690514861245,-0.4871605883984934,0.02419655645920405,34
12.086065530776978,0.20536646938012376,0.006630754470825196,8.846937018030742e-05,cpu,0.1,0.1,7,0.7,hist,"{'device': 'cpu', 'gamma': 0.1, 'learning_rate': 0.1, 'max_depth': 7, 'subsample': 0.7, 'tree_method': 'hist'}",-0.435010902994392,-0.49115081697757657,-0.479925486247435,-0.4981093861052764,-0.5367671202087412,-0.48819274250668415,0.03275123134767984,35
13.972442007064819,0.21229626353337047,0.011167573928833007,0.008964213684211015,cpu,0.001,0.1,7,0.7,hist,"{'device': 'cpu', 'gamma': 0.001, 'learning_rate': 0.1, 'max_depth': 7, 'subsample': 0.7, 'tree_method': 'hist'}",-0.436008926967147,-0.4940419171986748,-0.46550826796956846,-0.5288867876054213,-0.5278057045962969,-0.49045032086742174,0.03597681921905747,36
13.23686180114746,0.2751979631280333,0.007404994964599609,0.0009228115751757392,cpu,0.01,0.1,7,1,hist,"{'device': 'cpu', 'gamma': 0.01, 'learning_rate': 0.1, 'max_depth': 7, 'subsample': 1, 'tree_method': 'hist'}",-0.44996349352755677,-0.4857474612586792,-0.48514150344971974,-0.5118327672707542,-0.5211700356055808,-0.49077105222245815,0.024859119709663147,37
13.193123912811279,0.16819616070946541,0.007600593566894531,0.001442767359722422,cpu,0.001,0.1,7,0.5,hist,"{'device': 'cpu', 'gamma': 0.001, 'learning_rate': 0.1, 'max_depth': 7, 'subsample': 0.5, 'tree_method': 'hist'}",-0.4533446703160432,-0.48905887299381606,-0.4792123625096693,-0.5114871729294775,-0.5222781834209544,-0.4910762524339921,0.024325542813486416,38
25.325812149047852,1.0069056498822213,0.017764997482299805,0.0037077942473157013,cpu,0,0.1,7,0.7,hist,"{'device': 'cpu', 'gamma': 0, 'learning_rate': 0.1, 'max_depth': 7, 'subsample': 0.7, 'tree_method': 'hist'}",-0.4456681867614231,-0.50379730677824,-0.4656316705186974,-0.5188269508425245,-0.5231606041651127,-0.49141694381319956,0.03056164568764594,39
9.230380535125732,0.2056752093405258,0.0062731742858886715,0.00044681157195324337,cpu,0.1,0.1,7,1,hist,"{'device': 'cpu', 'gamma': 0.1, 'learning_rate': 0.1, 'max_depth': 7, 'subsample': 1, 'tree_method': 'hist'}",-0.46513726262274185,-0.4885007911217183,-0.48190284433394126,-0.5080987141552583,-0.5177959733620079,-0.49228711711913353,0.018761622172209134,40
21.408719635009767,2.279018486536433,0.014506101608276367,0.0009403009320226907,cpu,0,0.1,7,0.5,hist,"{'device': 'cpu', 'gamma': 0, 'learning_rate': 0.1, 'max_depth': 7, 'subsample': 0.5, 'tree_method': 'hist'}",-0.4384850365667904,-0.4968902561209225,-0.4839718670546134,-0.5205904156019346,-0.5272924875788557,-0.49344601258462334,0.031637742070493496,41
13.610789775848389,0.28308285039843484,0.007258272171020508,0.0004973684853847101,cpu,0.001,0.1,7,1,hist,"{'device': 'cpu', 'gamma': 0.001, 'learning_rate': 0.1, 'max_depth': 7, 'subsample': 1, 'tree_method': 'hist'}",-0.4604445690332711,-0.4778013984460786,-0.49794411951890755,-0.5086049897318983,-0.5251129737891135,-0.4939816101038538,0.02273868461707738,42
12.971673250198364,0.19726938781627548,0.00785207748413086,0.0009462579724733648,cpu,0.01,0.1,7,0.5,hist,"{'device': 'cpu', 'gamma': 0.01, 'learning_rate': 0.1, 'max_depth': 7, 'subsample': 0.5, 'tree_method': 'hist'}",-0.45928925952248,-0.49799036148919773,-0.46931505800185336,-0.5208412947377004,-0.527144845708555,-0.49491616389195736,0.026999792479274608,43
13.412263584136962,0.19669582065609525,0.008028125762939453,0.0009890785440843089,cpu,0.01,0.1,7,0.7,hist,"{'device': 'cpu', 'gamma': 0.01, 'learning_rate': 0.1, 'max_depth': 7, 'subsample': 0.7, 'tree_method': 'hist'}",-0.43907311572338564,-0.4798735798453385,-0.4695023002643167,-0.5305844185374378,-0.55648441161717,-0.4951035651975297,0.04255182193326783,44
11.65008635520935,0.16326412929814058,0.007708978652954101,0.0007518821382988475,cpu,0.1,0.1,7,0.5,hist,"{'device': 'cpu', 'gamma': 0.1, 'learning_rate': 0.1, 'max_depth': 7, 'subsample': 0.5, 'tree_method': 'hist'}",-0.46531554674638803,-0.48565891363547525,-0.484782309157515,-0.5278577668847332,-0.5305832069207337,-0.498839548668969,0.02586468888309424,45
13.505397701263428,0.27440894300045604,0.007078981399536133,0.00035848377168117853,cpu,1,0.01,7,0.5,hist,"{'device': 'cpu', 'gamma': 1, 'learning_rate': 0.01, 'max_depth': 7, 'subsample': 0.5, 'tree_method': 'hist'}",-0.5417193624320092,-0.5351536601012121,-0.5289584969424511,-0.5357843195401997,-0.5744998230234074,-0.5432231324078559,0.016151933909905453,46
5.737855339050293,0.027325485309854076,0.0060463428497314455,0.0001807668472463643,cpu,1,0.01,5,0.5,hist,"{'device': 'cpu', 'gamma': 1, 'learning_rate': 0.01, 'max_depth': 5, 'subsample': 0.5, 'tree_method': 'hist'}",-0.5378304169605446,-0.5396226369179503,-0.5280906557154066,-0.541267186400737,-0.5710788688798618,-0.5435779529749001,0.014492584928318616,47
5.835093402862549,0.08081853090100032,0.005819559097290039,0.00025060698434197626,cpu,0.1,0.01,5,0.5,hist,"{'device': 'cpu', 'gamma': 0.1, 'learning_rate': 0.01, 'max_depth': 5, 'subsample': 0.5, 'tree_method': 'hist'}",-0.5375142261773823,-0.5410520985721645,-0.528590440941151,-0.5420220634831114,-0.5724228508134483,-0.5443203359974514,0.014828806430502812,48
6.675038623809814,0.43999156650829946,0.005968999862670898,0.00027929547069228196,cpu,0.01,0.01,5,0.5,hist,"{'device': 'cpu', 'gamma': 0.01, 'learning_rate': 0.01, 'max_depth': 5, 'subsample': 0.5, 'tree_method': 'hist'}",-0.5380181561011046,-0.5415189630735567,-0.5291800208388602,-0.5417501717337154,-0.5720413278694505,-0.5445017279233374,0.014503026748663588,49
10.413528966903687,0.3078613276037031,0.011836385726928711,0.0030328012075033282,cpu,0,0.01,5,0.5,hist,"{'device': 'cpu', 'gamma': 0, 'learning_rate': 0.01, 'max_depth': 5, 'subsample': 0.5, 'tree_method': 'hist'}",-0.5380739687977687,-0.5415245594777816,-0.5291855172079815,-0.5417983573036301,-0.5720419800810064,-0.5445248765736336,0.014495081595645908,50
5.830850744247437,0.04045800625279918,0.005692148208618164,0.00030227303593093795,cpu,0.001,0.01,5,0.5,hist,"{'device': 'cpu', 'gamma': 0.001, 'learning_rate': 0.01, 'max_depth': 5, 'subsample': 0.5, 'tree_method': 'hist'}",-0.538073984847003,-0.5415307906123217,-0.5291864825205373,-0.5417963869483943,-0.5720423623447265,-0.5445260014545965,0.014494837421723968,51
15.474685096740723,0.6970302020796746,0.006729650497436524,0.00037005461869330186,cpu,1,0.01,7,0.7,hist,"{'device': 'cpu', 'gamma': 1, 'learning_rate': 0.01, 'max_depth': 7, 'subsample': 0.7, 'tree_method': 'hist'}",-0.5380039630647947,-0.5368073999280965,-0.5295083453606656,-0.5432266797952455,-0.5779845406572294,-0.5451061857612064,0.01701248248809629,52
6.382203388214111,0.28829306936178634,0.005649280548095703,0.0002966635932124397,cpu,0.01,0.01,5,0.7,hist,"{'device': 'cpu', 'gamma': 0.01, 'learning_rate': 0.01, 'max_depth': 5, 'subsample': 0.7, 'tree_method': 'hist'}",-0.5365366230870786,-0.5408310806360117,-0.5326250748223464,-0.543781589206049,-0.5721480224063978,-0.5451844780315767,0.014003405980735932,53
6.344835186004639,0.4556189519713116,0.006728029251098633,0.001710043882348926,cpu,1,0.01,5,0.7,hist,"{'device': 'cpu', 'gamma': 1, 'learning_rate': 0.01, 'max_depth': 5, 'subsample': 0.7, 'tree_method': 'hist'}",-0.5354881473464026,-0.5411185015065313,-0.5334987847443265,-0.5432438566359484,-0.5726281795462207,-0.545195493955886,0.014170593346329953,54
5.969673824310303,0.04444380171641066,0.0056640625,0.0003738666483802856,cpu,0.001,0.01,5,0.7,hist,"{'device': 'cpu', 'gamma': 0.001, 'learning_rate': 0.01, 'max_depth': 5, 'subsample': 0.7, 'tree_method': 'hist'}",-0.5365132339904282,-0.5408301998679339,-0.5328417580884605,-0.543789750384116,-0.5721477426417805,-0.5452245369945438,0.013967446632721519,55
10.014514255523682,0.7621555119641739,0.006042575836181641,0.0004857172834628055,cpu,0,0.01,5,0.7,hist,"{'device': 'cpu', 'gamma': 0, 'learning_rate': 0.01, 'max_depth': 5, 'subsample': 0.7, 'tree_method': 'hist'}",-0.5365132339904282,-0.5408301998679339,-0.5328417580884605,-0.543789750384116,-0.5721477426417805,-0.5452245369945438,0.013967446632721519,55
5.966922378540039,0.034921413387310855,0.0058749675750732425,0.0003994265556257917,cpu,0.1,0.01,5,0.7,hist,"{'device': 'cpu', 'gamma': 0.1, 'learning_rate': 0.01, 'max_depth': 5, 'subsample': 0.7, 'tree_method': 'hist'}",-0.5365064723304257,-0.54073247796142,-0.5327724736757761,-0.5438639960660184,-0.5726428480788652,-0.545303653622501,0.014176182023874651,57
15.05448579788208,0.2554038862091802,0.007734107971191406,0.0013875546105062192,cpu,0.1,0.01,7,0.5,hist,"{'device': 'cpu', 'gamma': 0.1, 'learning_rate': 0.01, 'max_depth': 7, 'subsample': 0.5, 'tree_method': 'hist'}",-0.5435703602504879,-0.5377569606973165,-0.5337033279359061,-0.5390935573652509,-0.5760310047595822,-0.5460310422017087,0.015327193929454653,58
16.297450447082518,0.3777983129894531,0.008208179473876953,0.0006900569755240209,cpu,0.01,0.01,7,0.5,hist,"{'device': 'cpu', 'gamma': 0.01, 'learning_rate': 0.01, 'max_depth': 7, 'subsample': 0.5, 'tree_method': 'hist'}",-0.5439270520918247,-0.5386649306261132,-0.5336387823626784,-0.5412302780455386,-0.5758751173346065,-0.5466672320921523,0.014992978004268262,59
16.318258905410765,0.29608077851471787,0.007031011581420899,0.0005473225181241195,cpu,0.1,0.01,7,0.7,hist,"{'device': 'cpu', 'gamma': 0.1, 'learning_rate': 0.01, 'max_depth': 7, 'subsample': 0.7, 'tree_method': 'hist'}",-0.5398276422733145,-0.5387020295082142,-0.5339516017608974,-0.5445132071505936,-0.5782091441701773,-0.5470407249726394,0.015942059165252764,60
16.636781644821166,0.23457834507777411,0.010441350936889648,0.00401467694140905,cpu,0.001,0.01,7,0.7,hist,"{'device': 'cpu', 'gamma': 0.001, 'learning_rate': 0.01, 'max_depth': 7, 'subsample': 0.7, 'tree_method': 'hist'}",-0.5386258084401149,-0.5385286039413647,-0.533163547087688,-0.5441529103572148,-0.5808000552480601,-0.5470541850148886,0.01722715321105213,61
21.906919384002684,1.733199088454962,0.011542892456054688,0.0030925351944118273,cpu,0,0.01,7,0.7,hist,"{'device': 'cpu', 'gamma': 0, 'learning_rate': 0.01, 'max_depth': 7, 'subsample': 0.7, 'tree_method': 'hist'}",-0.5386359119608778,-0.5385356095188468,-0.5331676924833393,-0.5442799797664422,-0.5807153481466024,-0.5470669083752216,0.01718742233869459,62
15.579383134841919,0.13938124788071268,0.006764888763427734,0.00034572617707495374,cpu,0.001,0.01,7,0.5,hist,"{'device': 'cpu', 'gamma': 0.001, 'learning_rate': 0.01, 'max_depth': 7, 'subsample': 0.5, 'tree_method': 'hist'}",-0.5438618891903868,-0.5374612286796123,-0.5346142570086376,-0.5433984627912021,-0.5763674239168851,-0.5471406523173448,0.015030371050727014,63
16.844279861450197,0.47091692804858026,0.008858728408813476,0.0019280656882719972,cpu,0.01,0.01,7,0.7,hist,"{'device': 'cpu', 'gamma': 0.01, 'learning_rate': 0.01, 'max_depth': 7, 'subsample': 0.7, 'tree_method': 'hist'}",-0.5390354080043123,-0.539114308768116,-0.5338721164031741,-0.5448461284978093,-0.5799351645809967,-0.5473606252508817,0.016653372962626027,64
23.098901319503785,0.9765666076476375,0.008985757827758789,0.002704259346620803,cpu,0,0.01,7,0.5,hist,"{'device': 'cpu', 'gamma': 0, 'learning_rate': 0.01, 'max_depth': 7, 'subsample': 0.5, 'tree_method': 'hist'}",-0.5443948161403901,-0.5391224705518813,-0.5344633377612822,-0.5427444691501448,-0.5772826971349778,-0.5476015581477351,0.015227293133011995,65
6.504615449905396,0.2472412204484948,0.005539751052856446,0.0002192100129701833,cpu,0.01,0.01,5,1,hist,"{'device': 'cpu', 'gamma': 0.01, 'learning_rate': 0.01, 'max_depth': 5, 'subsample': 1, 'tree_method': 'hist'}",-0.5358948506161458,-0.5480973000607198,-0.533551401481192,-0.5480250716334994,-0.5728601244444066,-0.5476857496471927,0.013948754479321328,66
9.82726411819458,0.4051622688911844,0.00814676284790039,0.0024929951720308774,cpu,0,0.01,5,1,hist,"{'device': 'cpu', 'gamma': 0, 'learning_rate': 0.01, 'max_depth': 5, 'subsample': 1, 'tree_method': 'hist'}",-0.5358948506161458,-0.5480973000607198,-0.5335514076691742,-0.5481911316963484,-0.5728601244444066,-0.547718962897359,0.01394971927101808,67
6.133818292617798,0.10040601210366716,0.005888843536376953,0.00035637096147450635,cpu,0.001,0.01,5,1,hist,"{'device': 'cpu', 'gamma': 0.001, 'learning_rate': 0.01, 'max_depth': 5, 'subsample': 1, 'tree_method': 'hist'}",-0.5358948506161458,-0.5480973000607198,-0.5335513980027202,-0.5483351157921678,-0.5728601244444066,-0.547747757783232,0.013950814799781268,68
6.577627849578858,0.5857914028973001,0.005850315093994141,0.00045385557604300754,cpu,1,0.01,5,1,hist,"{'device': 'cpu', 'gamma': 1, 'learning_rate': 0.01, 'max_depth': 5, 'subsample': 1, 'tree_method': 'hist'}",-0.5354185048848765,-0.5477215027524657,-0.5339874543801187,-0.5484011900586231,-0.573536316229492,-0.5478129936611152,0.014190225917721332,69
6.127230644226074,0.07227869733632468,0.005566740036010742,0.00022846126659702344,cpu,0.1,0.01,5,1,hist,"{'device': 'cpu', 'gamma': 0.1, 'learning_rate': 0.01, 'max_depth': 5, 'subsample': 1, 'tree_method': 'hist'}",-0.5360231284712225,-0.5479564361531505,-0.5338537559418159,-0.5483608854616414,-0.5732307451353996,-0.547884990232646,0.014001558288635474,70
16.28710961341858,0.44303735937358174,0.007442951202392578,0.0014333942136306038,cpu,1,0.01,7,1,hist,"{'device': 'cpu', 'gamma': 1, 'learning_rate': 0.01, 'max_depth': 7, 'subsample': 1, 'tree_method': 'hist'}",-0.5329814617276,-0.545549435726142,-0.539599686845472,-0.5612427175212563,-0.5826639828266064,-0.5524074569294154,0.017787410761669523,71
17.4552649974823,0.3181777035357992,0.007167434692382813,0.0004190488408349032,cpu,0.1,0.01,7,1,hist,"{'device': 'cpu', 'gamma': 0.1, 'learning_rate': 0.01, 'max_depth': 7, 'subsample': 1, 'tree_method': 'hist'}",-0.5343190051524664,-0.5432508789849947,-0.537442199210839,-0.5613551896161572,-0.5918351854615406,-0.5536404916851996,0.021269695671608257,72
24.28560709953308,2.087951625814331,0.009013080596923828,0.0034146029880461376,cpu,0,0.01,7,1,hist,"{'device': 'cpu', 'gamma': 0, 'learning_rate': 0.01, 'max_depth': 7, 'subsample': 1, 'tree_method': 'hist'}",-0.534615872078155,-0.5436811175206131,-0.538309814752305,-0.5619547993814854,-0.5949334198155759,-0.554699004709627,0.022202640910929022,73
17.791645526885986,0.24772278015135019,0.007548475265502929,0.0013663609275293045,cpu,0.001,0.01,7,1,hist,"{'device': 'cpu', 'gamma': 0.001, 'learning_rate': 0.01, 'max_depth': 7, 'subsample': 1, 'tree_method': 'hist'}",-0.5340404494999983,-0.5448458038603446,-0.5397657633441542,-0.5613878905321801,-0.5944344675947704,-0.5548948749662894,0.021773008733115308,74
18.13102321624756,0.2678986105413858,0.007685184478759766,0.00041105271447789576,cpu,0.01,0.01,7,1,hist,"{'device': 'cpu', 'gamma': 0.01, 'learning_rate': 0.01, 'max_depth': 7, 'subsample': 1, 'tree_method': 'hist'}",-0.5348283319359912,-0.5430268905119103,-0.5392149310254538,-0.5625368194222579,-0.5949907359018655,-0.5549195417594956,0.02216055136120789,75
1.9044209957122802,0.02445899516366991,0.004797029495239258,0.0001844944771712139,cpu,0.1,0.01,3,0.5,hist,"{'device': 'cpu', 'gamma': 0.1, 'learning_rate': 0.01, 'max_depth': 3, 'subsample': 0.5, 'tree_method': 'hist'}",-0.5516936578532075,-0.5519631049210121,-0.5433427849280803,-0.5523236830691116,-0.5806808242731248,-0.5560008110089073,0.012788311754327524,76
1.8943966388702393,0.030204445069424532,0.00494837760925293,0.00010980007800723111,cpu,1,0.01,3,0.5,hist,"{'device': 'cpu', 'gamma': 1, 'learning_rate': 0.01, 'max_depth': 3, 'subsample': 0.5, 'tree_method': 'hist'}",-0.5516936578532075,-0.5519631049210121,-0.5433427849280803,-0.5523236830691116,-0.5806808242731248,-0.5560008110089073,0.012788311754327524,76
1.9055294513702392,0.023657289474745994,0.005164051055908203,0.0007872123202381122,cpu,0.01,0.01,3,0.5,hist,"{'device': 'cpu', 'gamma': 0.01, 'learning_rate': 0.01, 'max_depth': 3, 'subsample': 0.5, 'tree_method': 'hist'}",-0.5516936578532075,-0.5519631049210121,-0.5433427849280803,-0.5523236830691116,-0.5806808242731248,-0.5560008110089073,0.012788311754327524,76
3.220221662521362,0.42955792451833386,0.009618330001831054,0.0038128583570609447,cpu,0,0.01,3,0.5,hist,"{'device': 'cpu', 'gamma': 0, 'learning_rate': 0.01, 'max_depth': 3, 'subsample': 0.5, 'tree_method': 'hist'}",-0.5516936578532075,-0.5519631049210121,-0.5433427849280803,-0.5523236830691116,-0.5806808242731248,-0.5560008110089073,0.012788311754327524,76
1.9049240112304688,0.022861847587624936,0.005048608779907227,0.0005036844828451966,cpu,0.001,0.01,3,0.5,hist,"{'device': 'cpu', 'gamma': 0.001, 'learning_rate': 0.01, 'max_depth': 3, 'subsample': 0.5, 'tree_method': 'hist'}",-0.5516936578532075,-0.5519631049210121,-0.5433427849280803,-0.5523236830691116,-0.5806808242731248,-0.5560008110089073,0.012788311754327524,76
1.9169453620910644,0.03408141499081601,0.004632902145385742,0.00021037790628809086,cpu,0.001,0.01,3,0.7,hist,"{'device': 'cpu', 'gamma': 0.001, 'learning_rate': 0.01, 'max_depth': 3, 'subsample': 0.7, 'tree_method': 'hist'}",-0.5532015156555733,-0.5549993243594971,-0.5441350230354977,-0.5554957830255567,-0.5803212206934419,-0.5576305733539133,0.012067250790429716,81
1.8600579738616942,0.013357466193332756,0.004750394821166992,8.194021672345246e-05,cpu,1,0.01,3,0.7,hist,"{'device': 'cpu', 'gamma': 1, 'learning_rate': 0.01, 'max_depth': 3, 'subsample': 0.7, 'tree_method': 'hist'}",-0.5532015156555733,-0.5549993243594971,-0.5441350230354977,-0.5554957830255567,-0.5803212206934419,-0.5576305733539133,0.012067250790429716,81
1.926112413406372,0.024091631168730795,0.005652618408203125,0.001724720221380505,cpu,0.01,0.01,3,0.7,hist,"{'device': 'cpu', 'gamma': 0.01, 'learning_rate': 0.01, 'max_depth': 3, 'subsample': 0.7, 'tree_method': 'hist'}",-0.5532015156555733,-0.5549993243594971,-0.5441350230354977,-0.5554957830255567,-0.5803212206934419,-0.5576305733539133,0.012067250790429716,81
3.8426003456115723,0.1649818084132924,0.012272214889526368,0.005416096839899621,cpu,0,0.01,3,0.7,hist,"{'device': 'cpu', 'gamma': 0, 'learning_rate': 0.01, 'max_depth': 3, 'subsample': 0.7, 'tree_method': 'hist'}",-0.5532015156555733,-0.5549993243594971,-0.5441350230354977,-0.5554957830255567,-0.5803212206934419,-0.5576305733539133,0.012067250790429716,81
1.878360652923584,0.014370161108149806,0.004777336120605468,8.409447452434736e-05,cpu,0.1,0.01,3,0.7,hist,"{'device': 'cpu', 'gamma': 0.1, 'learning_rate': 0.01, 'max_depth': 3, 'subsample': 0.7, 'tree_method': 'hist'}",-0.5532015156555733,-0.5549993243594971,-0.5441350230354977,-0.5554957830255567,-0.5803212206934419,-0.5576305733539133,0.012067250790429716,81
1.870474100112915,0.015176134786281345,0.004697036743164062,0.0001262334315047414,cpu,0.1,0.01,3,1,hist,"{'device': 'cpu', 'gamma': 0.1, 'learning_rate': 0.01, 'max_depth': 3, 'subsample': 1, 'tree_method': 'hist'}",-0.5545338411713329,-0.5593172572641903,-0.543978039405707,-0.5625559203469137,-0.5799849497844146,-0.5600740015945117,0.011772440841167854,86
1.8661230087280274,0.013922039740759921,0.004710674285888672,0.0001955362617694541,cpu,1,0.01,3,1,hist,"{'device': 'cpu', 'gamma': 1, 'learning_rate': 0.01, 'max_depth': 3, 'subsample': 1, 'tree_method': 'hist'}",-0.5545338411713329,-0.5593172572641903,-0.543978039405707,-0.5625559203469137,-0.5799849497844146,-0.5600740015945117,0.011772440841167854,86
3.6531306743621825,0.13738601930176284,0.00872197151184082,0.0033108333219643606,cpu,0,0.01,3,1,hist,"{'device': 'cpu', 'gamma': 0, 'learning_rate': 0.01, 'max_depth': 3, 'subsample': 1, 'tree_method': 'hist'}",-0.5545338411713329,-0.5593172572641903,-0.543978039405707,-0.5625559203469137,-0.5799849497844146,-0.5600740015945117,0.011772440841167854,86
2.008064794540405,0.11725760492084969,0.0048143863677978516,0.00035276701720521103,cpu,0.01,0.01,3,1,hist,"{'device': 'cpu', 'gamma': 0.01, 'learning_rate': 0.01, 'max_depth': 3, 'subsample': 1, 'tree_method': 'hist'}",-0.5545338411713329,-0.5593172572641903,-0.543978039405707,-0.5625559203469137,-0.5799849497844146,-0.5600740015945117,0.011772440841167854,86
1.877695417404175,0.014823368698299215,0.004714822769165039,0.00011814756610172404,cpu,0.001,0.01,3,1,hist,"{'device': 'cpu', 'gamma': 0.001, 'learning_rate': 0.01, 'max_depth': 3, 'subsample': 1, 'tree_method': 'hist'}",-0.5545338411713329,-0.5593172572641903,-0.543978039405707,-0.5625559203469137,-0.5799849497844146,-0.5600740015945117,0.011772440841167854,86
6.198524761199951,0.12773703523202343,0.005785417556762695,0.00044439604836169893,cpu,1,0.001,5,1,hist,"{'device': 'cpu', 'gamma': 1, 'learning_rate': 0.001, 'max_depth': 5, 'subsample': 1, 'tree_method': 'hist'}",-0.962320519589732,-0.9376097708188211,-0.9192826497755169,-0.9558427707962098,-0.9518352725678905,-0.945378196709634,0.015359488628453521,91
6.321719551086426,0.12010841182054031,0.005390977859497071,0.0001530325341757509,cpu,0.001,0.001,5,1,hist,"{'device': 'cpu', 'gamma': 0.001, 'learning_rate': 0.001, 'max_depth': 5, 'subsample': 1, 'tree_method': 'hist'}",-0.9624027724978546,-0.9379770516247619,-0.9192826497755169,-0.9558363913414482,-0.9515545367464783,-0.945410680397212,0.015317352476095473,92
6.32076678276062,0.12565171624690336,0.005644083023071289,0.00036969031423769093,cpu,0,0.001,5,1,hist,"{'device': 'cpu', 'gamma': 0, 'learning_rate': 0.001, 'max_depth': 5, 'subsample': 1, 'tree_method': 'hist'}",-0.9624027724978546,-0.9379770516247619,-0.9192826497755169,-0.9558363913414482,-0.9515545367464783,-0.945410680397212,0.015317352476095473,92
6.274001693725586,0.11330387351440016,0.006917142868041992,0.001989182250595772,cpu,0.01,0.001,5,1,hist,"{'device': 'cpu', 'gamma': 0.01, 'learning_rate': 0.001, 'max_depth': 5, 'subsample': 1, 'tree_method': 'hist'}",-0.9624027724978546,-0.9379770516247619,-0.9192826497755169,-0.9558363913414482,-0.9515545367464783,-0.945410680397212,0.015317352476095473,92
6.256963014602661,0.07088109522676939,0.005383825302124024,0.00014825239173785673,cpu,0.1,0.001,5,1,hist,"{'device': 'cpu', 'gamma': 0.1, 'learning_rate': 0.001, 'max_depth': 5, 'subsample': 1, 'tree_method': 'hist'}",-0.9624122886976042,-0.9379663330420136,-0.9192826497755169,-0.9558857835127197,-0.9516084612009136,-0.9454311032457536,0.015331569803647572,95
15.183237838745118,3.1983263260241954,0.006073427200317383,0.0015114991909715894,cpu,1,0.001,7,1,hist,"{'device': 'cpu', 'gamma': 1, 'learning_rate': 0.001, 'max_depth': 7, 'subsample': 1, 'tree_method': 'hist'}",-0.9652589749014634,-0.9355007038975928,-0.918377373693974,-0.9579311177489745,-0.9556852480988822,-0.9465506836681772,0.017197628649952827,96
15.669095706939697,0.41372262543880606,0.007841014862060547,0.001530784170024709,cpu,1,0.001,7,0.7,hist,"{'device': 'cpu', 'gamma': 1, 'learning_rate': 0.001, 'max_depth': 7, 'subsample': 0.7, 'tree_method': 'hist'}",-0.9670066748308777,-0.9358046421406336,-0.9207651218405922,-0.9558167561594113,-0.9536747763894562,-0.9466135942721943,0.016342663121523823,97
6.160213851928711,0.11881758619011559,0.005424785614013672,0.00017546845502483072,cpu,1,0.001,5,0.7,hist,"{'device': 'cpu', 'gamma': 1, 'learning_rate': 0.001, 'max_depth': 5, 'subsample': 0.7, 'tree_method': 'hist'}",-0.9669281263841396,-0.9373296409338739,-0.9210166608098465,-0.9548935876326502,-0.9531559959861018,-0.9466648023493225,0.01590863417198816,98
6.096906852722168,0.08087660062097958,0.005761432647705078,0.0005891500603113768,cpu,0.01,0.001,5,0.7,hist,"{'device': 'cpu', 'gamma': 0.01, 'learning_rate': 0.001, 'max_depth': 5, 'subsample': 0.7, 'tree_method': 'hist'}",-0.9669694742914208,-0.9373550398730243,-0.9210903661465841,-0.9549344500074528,-0.9530817313285054,-0.9466862123293975,0.015890657161404757,99
6.198330211639404,0.0966780348957588,0.006871938705444336,0.0016699788953131718,cpu,0.001,0.001,5,0.7,hist,"{'device': 'cpu', 'gamma': 0.001, 'learning_rate': 0.001, 'max_depth': 5, 'subsample': 0.7, 'tree_method': 'hist'}",-0.9669695246740128,-0.9373569732597545,-0.9210903661465841,-0.954934183738061,-0.9530817432975188,-0.9466865582231863,0.015890416301822516,100
6.386445379257202,0.08146555150010487,0.0057489871978759766,0.00047093870261688715,cpu,0,0.001,5,0.7,hist,"{'device': 'cpu', 'gamma': 0, 'learning_rate': 0.001, 'max_depth': 5, 'subsample': 0.7, 'tree_method': 'hist'}",-0.9669781331284626,-0.9373571892614285,-0.9210903661465841,-0.954934183738061,-0.9530817432975188,-0.946688323114411,0.015892588771988868,101
6.099674844741822,0.06703731157787601,0.005653476715087891,0.00034001420497942403,cpu,0.1,0.001,5,0.7,hist,"{'device': 'cpu', 'gamma': 0.1, 'learning_rate': 0.001, 'max_depth': 5, 'subsample': 0.7, 'tree_method': 'hist'}",-0.9669696761862597,-0.9373594432074881,-0.9210920872654944,-0.9549391581249368,-0.9531033839170178,-0.9466927497402393,0.015891870612820377,102
17.51253275871277,0.8266241864227306,0.007246255874633789,0.0012007627406588192,cpu,0.1,0.001,7,1,hist,"{'device': 'cpu', 'gamma': 0.1, 'learning_rate': 0.001, 'max_depth': 7, 'subsample': 1, 'tree_method': 'hist'}",-0.9659354626218676,-0.9358793145109272,-0.9189880342426286,-0.9577733243784643,-0.9563695727799992,-0.9469891417067773,0.017150769305041804,103
16.588171529769898,0.27916146770714106,0.007088136672973633,0.0006947410604929943,cpu,0.1,0.001,7,0.7,hist,"{'device': 'cpu', 'gamma': 0.1, 'learning_rate': 0.001, 'max_depth': 7, 'subsample': 0.7, 'tree_method': 'hist'}",-0.9674469379057338,-0.936219393432557,-0.9211637050484534,-0.9564890178186762,-0.9538970029453185,-0.9470432114301477,0.016367123492896686,104
19.147711086273194,1.223993346805983,0.007669973373413086,0.0012293161890914602,cpu,0.01,0.001,7,1,hist,"{'device': 'cpu', 'gamma': 0.01, 'learning_rate': 0.001, 'max_depth': 7, 'subsample': 1, 'tree_method': 'hist'}",-0.9658446001289791,-0.9359048289036047,-0.918877711373586,-0.9578834683889491,-0.9568931556402477,-0.9470807528870733,0.017235873640859087,105
17.788536977767944,0.9797168150387442,0.00870828628540039,0.0015086846945811532,cpu,0.001,0.001,7,1,hist,"{'device': 'cpu', 'gamma': 0.001, 'learning_rate': 0.001, 'max_depth': 7, 'subsample': 1, 'tree_method': 'hist'}",-0.9658446001289791,-0.9359342534397496,-0.9188758827818146,-0.9578667388907762,-0.9568884167390602,-0.947081978396076,0.017230025349357803,106
17.910625600814818,0.9677442971403667,0.008186912536621094,0.002490896370618368,cpu,0,0.001,7,1,hist,"{'device': 'cpu', 'gamma': 0, 'learning_rate': 0.001, 'max_depth': 7, 'subsample': 1, 'tree_method': 'hist'}",-0.9658446001289791,-0.9359485880111921,-0.9188758808096509,-0.9578711020855833,-0.9568876253154598,-0.947085559270173,0.01722862811828605,107
16.96936502456665,0.30878361187430264,0.007263278961181641,0.000647078470442346,cpu,0.001,0.001,7,0.7,hist,"{'device': 'cpu', 'gamma': 0.001, 'learning_rate': 0.001, 'max_depth': 7, 'subsample': 0.7, 'tree_method': 'hist'}",-0.9674509689162605,-0.9362765344249769,-0.921246218076253,-0.9565829093551642,-0.9539375629055183,-0.9470988387356346,0.016348732135719184,108
17.175157356262208,0.3962335003585545,0.007932472229003906,0.0018498415356229304,cpu,0,0.001,7,0.7,hist,"{'device': 'cpu', 'gamma': 0, 'learning_rate': 0.001, 'max_depth': 7, 'subsample': 0.7, 'tree_method': 'hist'}",-0.9674514405729816,-0.9362745565759991,-0.9212493329972306,-0.9566161698451718,-0.9539373971802576,-0.947105779434328,0.016351976424416503,109
18.047852325439454,0.606672514200222,0.008929300308227538,0.0012509159045441043,cpu,0.01,0.001,7,0.7,hist,"{'device': 'cpu', 'gamma': 0.01, 'learning_rate': 0.001, 'max_depth': 7, 'subsample': 0.7, 'tree_method': 'hist'}",-0.9674792839539971,-0.9362728197094446,-0.921244907719105,-0.9566098167334894,-0.953925248051316,-0.9471064152334705,0.01635878518635092,110
6.051415205001831,0.08884743021158986,0.005715751647949218,0.00019010371449200848,cpu,1,0.001,5,0.5,hist,"{'device': 'cpu', 'gamma': 1, 'learning_rate': 0.001, 'max_depth': 5, 'subsample': 0.5, 'tree_method': 'hist'}",-0.9679339541745947,-0.937934664249842,-0.9215328555171568,-0.9553889586606029,-0.95343213827046,-0.9472445141745313,0.0160027140947342,111
5.9335400581359865,0.05142568929432078,0.0060673713684082035,0.0007506342555718335,cpu,0.1,0.001,5,0.5,hist,"{'device': 'cpu', 'gamma': 0.1, 'learning_rate': 0.001, 'max_depth': 5, 'subsample': 0.5, 'tree_method': 'hist'}",-0.9680594622139251,-0.9380514296235672,-0.9215851880678468,-0.9554521531446296,-0.9534940221558649,-0.9473284510411668,0.016016006631975048,112
5.952276563644409,0.03545396104997154,0.006250905990600586,0.0006066226748580268,cpu,0.01,0.001,5,0.5,hist,"{'device': 'cpu', 'gamma': 0.01, 'learning_rate': 0.001, 'max_depth': 5, 'subsample': 0.5, 'tree_method': 'hist'}",-0.9681021401750796,-0.9380503521114139,-0.9216025822287249,-0.9554713589621316,-0.9535505857357669,-0.9473554038426233,0.016027899946263847,113
5.9748529434204105,0.03952323646559291,0.005983591079711914,0.000488339011866183,cpu,0.001,0.001,5,0.5,hist,"{'device': 'cpu', 'gamma': 0.001, 'learning_rate': 0.001, 'max_depth': 5, 'subsample': 0.5, 'tree_method': 'hist'}",-0.9681047857074553,-0.9380497546657731,-0.9216021287672929,-0.9554754370427231,-0.953548075050464,-0.9473560362467417,0.016029018967736824,114
6.193650341033935,0.06285074566564883,0.0060633659362792965,0.0005514146753018574,cpu,0,0.001,5,0.5,hist,"{'device': 'cpu', 'gamma': 0, 'learning_rate': 0.001, 'max_depth': 5, 'subsample': 0.5, 'tree_method': 'hist'}",-0.9681051253822806,-0.9380497546657731,-0.9216021287672929,-0.9554754370427231,-0.953548075050464,-0.9473561041817067,0.016029106906427025,115
14.001705646514893,0.25565589849105086,0.007913827896118164,0.00171917354940831,cpu,1,0.001,7,0.5,hist,"{'device': 'cpu', 'gamma': 1, 'learning_rate': 0.001, 'max_depth': 7, 'subsample': 0.5, 'tree_method': 'hist'}",-0.9681136441122027,-0.9371675273099357,-0.9216528344259101,-0.9559115187753284,-0.954316305620621,-0.9474323660487995,0.01622930117013379,116
15.509643936157227,0.21323889320437214,0.006672096252441406,0.0002424298168690733,cpu,0.1,0.001,7,0.5,hist,"{'device': 'cpu', 'gamma': 0.1, 'learning_rate': 0.001, 'max_depth': 7, 'subsample': 0.5, 'tree_method': 'hist'}",-0.9687683425835341,-0.937522939923059,-0.9224534175378738,-0.9569701114364083,-0.954819192051795,-0.9481068007065341,0.01625194120395065,117
16.239504671096803,0.36743660340161116,0.00737614631652832,0.00048819778239343037,cpu,0.01,0.001,7,0.5,hist,"{'device': 'cpu', 'gamma': 0.01, 'learning_rate': 0.001, 'max_depth': 7, 'subsample': 0.5, 'tree_method': 'hist'}",-0.968963892591165,-0.9375793859265545,-0.9225823375384545,-0.9569920817895328,-0.9549346556585351,-0.9482104707008485,0.01626565123001948,118
15.778467988967895,0.14076313759260156,0.007808208465576172,0.0009319025739899103,cpu,0.001,0.001,7,0.5,hist,"{'device': 'cpu', 'gamma': 0.001, 'learning_rate': 0.001, 'max_depth': 7, 'subsample': 0.5, 'tree_method': 'hist'}",-0.9689616258214341,-0.9376015561986003,-0.9225905897004242,-0.95700408574567,-0.9549416487243975,-0.9482199012381052,0.016261450038029045,119
16.736405324935912,0.31033369976373926,0.007727718353271485,0.0008599129141681393,cpu,0,0.001,7,0.5,hist,"{'device': 'cpu', 'gamma': 0, 'learning_rate': 0.001, 'max_depth': 7, 'subsample': 0.5, 'tree_method': 'hist'}",-0.968963522503089,-0.9376027302210544,-0.9226034888612947,-0.9570834420830308,-0.9549425644306669,-0.9482391496198271,0.016266391307591825,120
1.9076223850250245,0.018558301775963532,0.004725503921508789,0.00017328667780279667,cpu,0.1,0.001,3,1,hist,"{'device': 'cpu', 'gamma': 0.1, 'learning_rate': 0.001, 'max_depth': 3, 'subsample': 1, 'tree_method': 'hist'}",-0.9705259520563522,-0.9418191323464665,-0.9237315065278371,-0.9601885993879676,-0.9561423229576301,-0.9504815026552507,0.016239775352206207,121
1.9734310626983642,0.06506012922712266,0.004615306854248047,0.0001391569818743246,cpu,0.01,0.001,3,1,hist,"{'device': 'cpu', 'gamma': 0.01, 'learning_rate': 0.001, 'max_depth': 3, 'subsample': 1, 'tree_method': 'hist'}",-0.9705259520563522,-0.9418191323464665,-0.9237315065278371,-0.9601885993879676,-0.9561423229576301,-0.9504815026552507,0.016239775352206207,121
2.0569674968719482,0.09517600198520318,0.004784107208251953,0.000257635297498087,cpu,0,0.001,3,1,hist,"{'device': 'cpu', 'gamma': 0, 'learning_rate': 0.001, 'max_depth': 3, 'subsample': 1, 'tree_method': 'hist'}",-0.9705259520563522,-0.9418191323464665,-0.9237315065278371,-0.9601885993879676,-0.9561423229576301,-0.9504815026552507,0.016239775352206207,121
1.9528297424316405,0.05241284787787227,0.004814434051513672,0.0002585910990107483,cpu,1,0.001,3,1,hist,"{'device': 'cpu', 'gamma': 1, 'learning_rate': 0.001, 'max_depth': 3, 'subsample': 1, 'tree_method': 'hist'}",-0.9705259520563522,-0.9418191323464665,-0.9237315065278371,-0.9601885993879676,-0.9561423229576301,-0.9504815026552507,0.016239775352206207,121
1.9806538105010987,0.03107636460384205,0.004813432693481445,0.0003348024084008072,cpu,0.001,0.001,3,1,hist,"{'device': 'cpu', 'gamma': 0.001, 'learning_rate': 0.001, 'max_depth': 3, 'subsample': 1, 'tree_method': 'hist'}",-0.9705259520563522,-0.9418191323464665,-0.9237315065278371,-0.9601885993879676,-0.9561423229576301,-0.9504815026552507,0.016239775352206207,121
2.093255376815796,0.1267094626573716,0.004880046844482422,0.00048297918932221033,cpu,1,0.001,3,0.7,hist,"{'device': 'cpu', 'gamma': 1, 'learning_rate': 0.001, 'max_depth': 3, 'subsample': 0.7, 'tree_method': 'hist'}",-0.9725861557997937,-0.9421960442453573,-0.9258568919896286,-0.9587037864126039,-0.9563839847928319,-0.9511453726480429,0.015898915628874473,126
2.1677807331085206,0.0799591013547979,0.005321311950683594,0.0011614786677091528,cpu,0,0.001,3,0.7,hist,"{'device': 'cpu', 'gamma': 0, 'learning_rate': 0.001, 'max_depth': 3, 'subsample': 0.7, 'tree_method': 'hist'}",-0.9725861557997937,-0.9421960442453573,-0.9258568919896286,-0.9587037864126039,-0.9563839847928319,-0.9511453726480429,0.015898915628874473,126
1.9593393325805664,0.029866582271358307,0.004782199859619141,0.000424234626120762,cpu,0.001,0.001,3,0.7,hist,"{'device': 'cpu', 'gamma': 0.001, 'learning_rate': 0.001, 'max_depth': 3, 'subsample': 0.7, 'tree_method': 'hist'}",-0.9725861557997937,-0.9421960442453573,-0.9258568919896286,-0.9587037864126039,-0.9563839847928319,-0.9511453726480429,0.015898915628874473,126
1.9420953750610352,0.024735286004168352,0.004598379135131836,0.0002677324934554193,cpu,0.01,0.001,3,0.7,hist,"{'device': 'cpu', 'gamma': 0.01, 'learning_rate': 0.001, 'max_depth': 3, 'subsample': 0.7, 'tree_method': 'hist'}",-0.9725861557997937,-0.9421960442453573,-0.9258568919896286,-0.9587037864126039,-0.9563839847928319,-0.9511453726480429,0.015898915628874473,126
1.9667763710021973,0.03923331399751502,0.00467076301574707,0.00013016856172561443,cpu,0.1,0.001,3,0.7,hist,"{'device': 'cpu', 'gamma': 0.1, 'learning_rate': 0.001, 'max_depth': 3, 'subsample': 0.7, 'tree_method': 'hist'}",-0.9725861557997937,-0.9421960442453573,-0.9258568919896286,-0.9587037864126039,-0.9563839847928319,-0.9511453726480429,0.015898915628874473,126
1.9404824256896973,0.01427994399773872,0.005183601379394531,0.000623065720608263,cpu,0.001,0.001,3,0.5,hist,"{'device': 'cpu', 'gamma': 0.001, 'learning_rate': 0.001, 'max_depth': 3, 'subsample': 0.5, 'tree_method': 'hist'}",-0.972728146759603,-0.9422404149782573,-0.9260979441438703,-0.9586535627208129,-0.9567455297988586,-0.9512931196802803,0.015875223566790744,131
1.9907690048217774,0.047409561611299174,0.005070686340332031,0.0004983042529004657,cpu,0.1,0.001,3,0.5,hist,"{'device': 'cpu', 'gamma': 0.1, 'learning_rate': 0.001, 'max_depth': 3, 'subsample': 0.5, 'tree_method': 'hist'}",-0.972728146759603,-0.9422404149782573,-0.9260979441438703,-0.9586535627208129,-0.9567455297988586,-0.9512931196802803,0.015875223566790744,131
3.2676127433776854,0.6129097876853021,0.011528587341308594,0.008840007612409136,cpu,0,0.001,3,0.5,hist,"{'device': 'cpu', 'gamma': 0, 'learning_rate': 0.001, 'max_depth': 3, 'subsample': 0.5, 'tree_method': 'hist'}",-0.972728146759603,-0.9422404149782573,-0.9260979441438703,-0.9586535627208129,-0.9567455297988586,-0.9512931196802803,0.015875223566790744,131
2.0280531883239745,0.07068518126221823,0.0056285858154296875,0.0011157123723634767,cpu,1,0.001,3,0.5,hist,"{'device': 'cpu', 'gamma': 1, 'learning_rate': 0.001, 'max_depth': 3, 'subsample': 0.5, 'tree_method': 'hist'}",-0.972728146759603,-0.9422404149782573,-0.9260979441438703,-0.9586535627208129,-0.9567455297988586,-0.9512931196802803,0.015875223566790744,131
2.033908557891846,0.14345497670503796,0.004956388473510742,0.00028221475782649945,cpu,0.01,0.001,3,0.5,hist,"{'device': 'cpu', 'gamma': 0.01, 'learning_rate': 0.001, 'max_depth': 3, 'subsample': 0.5, 'tree_method': 'hist'}",-0.972728146759603,-0.9422404149782573,-0.9260979441438703,-0.9586535627208129,-0.9567455297988586,-0.9512931196802803,0.015875223566790744,131
